imageUrl,averageHue,averageSaturation
https://ids.si.edu/ids/deliveryService?id=NMAH-AHB2006q05241.jpg,22.68,31.19
https://ids.si.edu/ids/deliveryService?id=NMAH-AHB2006q05052.jpg,28.39,32.09
https://ids.si.edu/ids/deliveryService?id=NMAH-AHB2006q05250.jpg,11.44,11.81
https://ids.si.edu/ids/deliveryService?id=NMAAHC-2007_3_549_001.jpg,28.92,19.07
https://ids.si.edu/ids/deliveryService?id=NMAAHC-24C75E5DDD912_5001.jpg,35.58,33.49
https://ids.si.edu/ids/deliveryService?id=NMAAHC-2007_3_556_001.jpg,129.73,52.73
https://ids.si.edu/ids/deliveryService?id=NMAAHC-2007_3_412_001.jpg,141.75,39.79
https://ids.si.edu/ids/deliveryService?id=NMAAHC-2007_3_406a_001.jpg,330.03,32.97
https://ids.si.edu/ids/deliveryService?id=ACM-acmobj-199100760185.jpg,249.89,50.32
https://ids.si.edu/ids/deliveryService?id=NMAAHC-2007_3_411_001.jpg,219.64,47.95
https://ids.si.edu/ids/deliveryService?id=NMAAHC-5A9963E0257C2_5001.jpg,38.97,28.84
https://ids.si.edu/ids/deliveryService?id=NMAH-AHB2006q05235.jpg,30.19,31.61
https://ids.si.edu/ids/deliveryService?id=NMAH-AHB2006q05155.jpg,24.41,35.89
https://ids.si.edu/ids/deliveryService?id=NMAAHC-2017_58_1_001.jpg,160.07,35.56
https://ids.si.edu/ids/deliveryService?id=NMAH-AHB2006q05014.jpg,19.77,42.71
https://ids.si.edu/ids/deliveryService?id=NMAH-AHB2006q05258.jpg,22.76,45.29
https://ids.si.edu/ids/deliveryService?id=NMAH-AHB2006q05263.jpg,26.89,37.49
https://ids.si.edu/ids/deliveryService?id=NMAH-AHB2006q05225.jpg,27.10,42.27
https://ids.si.edu/ids/deliveryService?id=NMAH-AHB2006q05261.jpg,57.30,49.90
https://ids.si.edu/ids/deliveryService?id=NMAH-AHB2006q05230.jpg,26.95,36.44
https://ids.si.edu/ids/deliveryService?id=NMAH-AHB2006q05266.jpg,28.52,34.53
https://ids.si.edu/ids/deliveryService?id=NMAAHC-2015_118_1_1_006.jpg,137.33,33.51
https://ids.si.edu/ids/deliveryService?id=NMAAHC-2007_3_551_001.jpg,85.15,38.31
https://ids.si.edu/ids/deliveryService?id=CHSDM-35CE24345E3A2-000001.jpg,44.59,49.26
https://ids.si.edu/ids/deliveryService?id=NMAAHC-2007_3_547_001.jpg,182.61,26.04
https://ids.si.edu/ids/deliveryService?id=NMAAHC-2007_3_569a_001.jpg,46.40,13.26
https://ids.si.edu/ids/deliveryService?id=NMAAHC-2007_3_480_001.jpg,57.67,13.00
https://ids.si.edu/ids/deliveryService?id=NMAH-AHB2006q05255.jpg,26.58,41.22
https://ids.si.edu/ids/deliveryService?id=NMAAHC-2013_141_1_001.jpg,74.41,34.48
https://ids.si.edu/ids/deliveryService?id=NMAH-AHB2006q05140.jpg,22.38,14.69
https://ids.si.edu/ids/deliveryService?id=NMAH-AHB2006q05222.jpg,21.41,50.49
https://ids.si.edu/ids/deliveryService?id=NMAH-AHB2006q05164.jpg,38.05,38.90
https://ids.si.edu/ids/deliveryService?id=NMAH-AHB2006q05233.jpg,28.30,51.96
https://ids.si.edu/ids/deliveryService?id=NMAH-AHB2006q05228.jpg,24.17,57.31
https://ids.si.edu/ids/deliveryService?id=NMAH-95-5528-000002.jpg,88.03,31.59
https://ids.si.edu/ids/deliveryService?id=NMAH-AHB2006q05138.jpg,21.81,42.37
https://ids.si.edu/ids/deliveryService?id=NMAH-AHB2006q05167.jpg,30.31,26.76
https://ids.si.edu/ids/deliveryService?id=CHSDM-1938-58-1207MattFlynn.jpg,213.33,35.58
https://ids.si.edu/ids/deliveryService?id=NMAH-AHB2006q05046.jpg,32.33,39.37
https://ids.si.edu/ids/deliveryService?id=NMAH-AHB2008q05366.jpg,6.30,11.57
https://ids.si.edu/ids/deliveryService?id=NMAH-AHB2008q05211.jpg,21.83,39.14
https://ids.si.edu/ids/deliveryService?id=NMAH-AHB2008q05356.jpg,34.93,40.13
https://ids.si.edu/ids/deliveryService?id=NMAH-AHB2008q05010.jpg,22.68,26.63
https://ids.si.edu/ids/deliveryService?id=NMAH-AHB2008q05220.jpg,32.37,31.86
https://ids.si.edu/ids/deliveryService?id=NMAH-AHB2008q05300.jpg,28.63,33.58
https://ids.si.edu/ids/deliveryService?id=NMAH-AHB2008q05376.jpg,32.05,33.11
https://ids.si.edu/ids/deliveryService?id=NMAH-AHB2008q05145.jpg,21.77,37.40
https://ids.si.edu/ids/deliveryService?id=NMAH-AHB2008q05154.jpg,16.45,34.08
https://ids.si.edu/ids/deliveryService?id=NMAH-AHB2008q05253.jpg,27.89,36.67
https://ids.si.edu/ids/deliveryService?id=NMAH-AHB2008q05061.jpg,30.05,45.08
https://ids.si.edu/ids/deliveryService?id=NMAH-AHB2008q05463.jpg,30.65,45.96
https://ids.si.edu/ids/deliveryService?id=NMAH-AHB2008q05123.jpg,11.48,11.96
https://ids.si.edu/ids/deliveryService?id=NMAH-AHB2008q05158.jpg,20.35,43.40
https://ids.si.edu/ids/deliveryService?id=NMAH-AHB2008q05472.jpg,11.53,7.51
https://ids.si.edu/ids/deliveryService?id=NMAH-AHB2008q05188.jpg,29.25,28.04
https://ids.si.edu/ids/deliveryService?id=NMAH-AHB2008q05452.jpg,28.92,29.68
https://ids.si.edu/ids/deliveryService?id=NMAH-AHB2008q05082.jpg,51.79,8.10
https://ids.si.edu/ids/deliveryService?id=NMAH-AHB2008q05319.jpg,23.41,51.88
https://ids.si.edu/ids/deliveryService?id=NMAH-AHB2008q05096.jpg,36.59,30.63
https://ids.si.edu/ids/deliveryService?id=NMAH-AHB2008q05263.jpg,15.50,48.62
https://ids.si.edu/ids/deliveryService?id=NMAH-AHB2008q05236.jpg,22.60,32.51
https://ids.si.edu/ids/deliveryService?id=NMAH-AHB2008q05108.jpg,28.70,37.44
https://ids.si.edu/ids/deliveryService?id=NMAH-AHB2008q05482.jpg,24.79,31.01
https://ids.si.edu/ids/deliveryService?id=NMAH-AHB2008q05104.jpg,30.22,27.85
https://ids.si.edu/ids/deliveryService?id=NMAH-AHB2008q05288.jpg,31.65,39.95
https://ids.si.edu/ids/deliveryService?id=NMAH-AHB2008q05176.jpg,14.13,9.49
https://ids.si.edu/ids/deliveryService?id=NMAH-AHB2008q05150.jpg,35.50,33.27
https://ids.si.edu/ids/deliveryService?id=NMAAHC-60913DE675FA2_4001-000002.jpg,163.35,26.46
https://ids.si.edu/ids/deliveryService?id=NMAH-AHB2008q05448.jpg,7.01,13.12
https://ids.si.edu/ids/deliveryService?id=NMAH-AHB2008q05429.jpg,23.84,22.12
https://ids.si.edu/ids/deliveryService?id=NMAH-AHB2008q05115.jpg,9.81,10.06
https://ids.si.edu/ids/deliveryService?id=NMAH-AHB2008q05167.jpg,14.35,12.73
https://ids.si.edu/ids/deliveryService?id=NMAH-AHB2008q05003.jpg,27.12,13.81
https://ids.si.edu/ids/deliveryService?id=NMAAHC-2011_4_1_001.jpg,32.14,16.54
https://ids.si.edu/ids/deliveryService?id=NMAH-AHB2008q05100.jpg,29.47,44.53
https://ids.si.edu/ids/deliveryService?id=NMAH-AHB2008q05243.jpg,26.54,31.98
https://ids.si.edu/ids/deliveryService?id=NMAH-AHB2008q05208.jpg,14.62,25.60
https://ids.si.edu/ids/deliveryService?id=NMAH-AHB2008q05435.jpg,35.45,28.81
https://ids.si.edu/ids/deliveryService?id=NMAH-AHB2008q05331.jpg,24.09,37.60
https://ids.si.edu/ids/deliveryService?id=NMAH-AHB2008q05085.jpg,27.44,42.87
https://ids.si.edu/ids/deliveryService?id=NMAH-AHB2008q05343.jpg,25.87,24.62
https://ids.si.edu/ids/deliveryService?id=NMAH-AHB2008q05408.jpg,9.21,14.82
https://ids.si.edu/ids/deliveryService?id=NMAH-AHB2008q05215.jpg,24.65,38.16
https://ids.si.edu/ids/deliveryService?id=NMAAHC-2009_42_2_001.jpg,6.67,3.63
https://ids.si.edu/ids/deliveryService?id=NMAH-AHB2008q05326.jpg,38.67,41.34
https://ids.si.edu/ids/deliveryService?id=NMAH-AHB2008q05198.jpg,33.33,26.57
https://ids.si.edu/ids/deliveryService?id=NMAH-AHB2008q05306.jpg,20.35,33.82
https://ids.si.edu/ids/deliveryService?id=NMAH-AHB2008q05019.jpg,36.77,40.89
https://ids.si.edu/ids/deliveryService?id=NMAH-2006-657.jpg,40.20,59.29
https://ids.si.edu/ids/deliveryService?id=NMAH-AHB2008q05041.jpg,10.19,9.51
https://ids.si.edu/ids/deliveryService?id=NMAH-AHB2008q05444.jpg,26.85,37.25
https://ids.si.edu/ids/deliveryService?id=NMAH-AHB2008q05459.jpg,21.69,33.35
https://ids.si.edu/ids/deliveryService?id=NMAH-AHB2008q05202.jpg,32.93,41.02
https://ids.si.edu/ids/deliveryService?id=NMAH-AHB2008q05391.jpg,25.54,32.35
https://ids.si.edu/ids/deliveryService?id=NMAH-AHB2008q05073.jpg,22.63,33.07
https://ids.si.edu/ids/deliveryService?id=NMAH-AHB2008q05479.jpg,36.50,45.08
https://ids.si.edu/ids/deliveryService?id=NMAH-AHB2008q05051.jpg,19.80,37.31
https://ids.si.edu/ids/deliveryService?id=NMAH-AHB2008q05077.jpg,27.12,44.30
https://ids.si.edu/ids/deliveryService?id=NMAH-AHB2008q05171.jpg,31.49,47.80
https://ids.si.edu/ids/deliveryService?id=NMAH-AHB2008q05336.jpg,27.62,9.20
https://ids.si.edu/ids/deliveryService?id=NMAH-AHB2008q05268.jpg,15.92,45.19
https://ids.si.edu/ids/deliveryService?id=NMAH-AHB2008q05045.jpg,24.92,36.83
https://ids.si.edu/ids/deliveryService?id=NMAH-AHB2008q05440.jpg,26.00,11.85
https://ids.si.edu/ids/deliveryService?id=NMAH-AHB2008q05353.jpg,28.89,29.22
https://ids.si.edu/ids/deliveryService?id=NMAH-AHB2008q05403.jpg,19.56,32.81
https://ids.si.edu/ids/deliveryService?id=NMAH-AHB2008q05385.jpg,12.55,29.00
https://ids.si.edu/ids/deliveryService?id=NMAH-AHB2008q05283.jpg,23.49,47.97
https://ids.si.edu/ids/deliveryService?id=NMAH-AHB2008q05259.jpg,33.44,21.06
https://ids.si.edu/ids/deliveryService?id=NMAH-AHB2008q05163.jpg,9.76,8.69
https://ids.si.edu/ids/deliveryService?id=NMAH-AHB2008q05380.jpg,35.11,35.90
https://ids.si.edu/ids/deliveryService?id=NMAH-AHB2008q05291.jpg,32.58,35.17
https://ids.si.edu/ids/deliveryService?id=NMAH-AHB2008q05277.jpg,27.45,33.83
https://ids.si.edu/ids/deliveryService?id=NMAH-AHB2008q05055.jpg,23.86,32.93
https://ids.si.edu/ids/deliveryService?id=NMAH-AHB2008q05371.jpg,22.20,39.12
https://ids.si.edu/ids/deliveryService?id=NMAH-AHB2008q05139.jpg,16.98,39.65
https://ids.si.edu/ids/deliveryService?id=NMAH-AHB2008q05068.jpg,20.75,44.54
https://ids.si.edu/ids/deliveryService?id=NMAH-AHB2008q05339.jpg,14.00,5.70
https://ids.si.edu/ids/deliveryService?id=NMAH-AHB2008q05007.jpg,32.70,33.51
https://ids.si.edu/ids/deliveryService?id=NMAH-AHB2006q05049.jpg,26.84,34.88
https://ids.si.edu/ids/deliveryService?id=NMAAHC-2007_3_561_001.jpg,25.11,33.00
https://ids.si.edu/ids/deliveryService?id=NMAAHC-2007_3_440_001.jpg,39.68,29.42
https://ids.si.edu/ids/deliveryService?id=NMAAHC-2007_3_436_001.jpg,24.54,45.40
https://ids.si.edu/ids/deliveryService?id=NMAAHC-2007_3_430_001.jpg,231.70,55.78
https://ids.si.edu/ids/deliveryService?id=NMAAHC-2007_3_479_001.jpg,47.35,7.86
https://ids.si.edu/ids/deliveryService?id=NMAAHC-2007_3_419_001.jpg,165.74,35.01
https://ids.si.edu/ids/deliveryService?id=NMAAHC-2007_3_423_001.jpg,114.98,35.96
https://ids.si.edu/ids/deliveryService?id=NMAAHC-2007_3_557_001.jpg,36.38,19.18
https://ids.si.edu/ids/deliveryService?id=NMAH-AHB2008q05295.jpg,28.73,46.78
https://ids.si.edu/ids/deliveryService?id=NMAH-AHB2008q05133.jpg,12.65,45.10
https://ids.si.edu/ids/deliveryService?id=NMAAHC-2007_3_558_001.jpg,284.88,45.05
https://ids.si.edu/ids/deliveryService?id=NMAAHC-2007_3_559_001.jpg,30.36,31.18
https://ids.si.edu/ids/deliveryService?id=NMAH-AHB2006q05152.jpg,37.56,34.06
https://ids.si.edu/ids/deliveryService?id=NMAAHC-2018_31_4_2ab_001.jpg,33.80,41.20
https://ids.si.edu/ids/deliveryService?id=NMAAHC-2014_203_96_1_001.jpg,217.43,41.53
https://ids.si.edu/ids/deliveryService?id=NMAAHC-1B82770D74082_4002.jpg,30.55,37.53
https://ids.si.edu/ids/deliveryService?id=NMAAHC-2007_3_574_001.jpg,24.96,40.13
https://ids.si.edu/ids/deliveryService?id=NMAAHC-2007_3_399_001.jpg,45.53,36.68
https://ids.si.edu/ids/deliveryService?id=NMAAHC-A155B5F569262_5001.jpg,5.23,32.92
https://ids.si.edu/ids/deliveryService?id=NMAAHC-41664F1102EB2_5001.jpg,25.58,35.58
https://ids.si.edu/ids/deliveryService?id=NMAAHC-54C015E88BEA2_4001.jpg,34.58,32.21
https://ids.si.edu/ids/deliveryService?id=NMAH-AHB2008q05231.jpg,27.54,30.89
https://ids.si.edu/ids/deliveryService?id=NMAH-AHB2008q05247.jpg,38.40,40.59
https://ids.si.edu/ids/deliveryService?id=NMAH-AHB2006q05219.jpg,27.09,35.81
https://ids.si.edu/ids/deliveryService?id=NMAH-AHB2008q05272.jpg,30.29,41.65
https://ids.si.edu/ids/deliveryService?id=NMAH-AHB2006q05114.jpg,32.57,41.72
https://ids.si.edu/ids/deliveryService?id=NMAH-AHB2006q05111.jpg,28.17,27.30
https://ids.si.edu/ids/deliveryService?id=NMAH-AHB2006q05158.jpg,30.68,28.39
https://ids.si.edu/ids/deliveryService?id=NMAH-AHB2006q05211.jpg,26.06,24.79
https://ids.si.edu/ids/deliveryService?id=NMAH-AHB2006q05132.jpg,36.70,35.88
https://ids.si.edu/ids/deliveryService?id=NMAH-AHB2006q05117.jpg,27.15,40.56
https://ids.si.edu/ids/deliveryService?id=NMAH-AHB2006q05082.jpg,33.31,29.13
https://ids.si.edu/ids/deliveryService?id=NMAH-AHB2006q05199.jpg,31.41,30.04
https://ids.si.edu/ids/deliveryService?id=NMAH-AHB2006q05175.jpg,31.39,31.27
https://ids.si.edu/ids/deliveryService?id=NMAH-AHB2006q05103.jpg,6.58,23.72
https://ids.si.edu/ids/deliveryService?id=NMAH-AHB2006q05202.jpg,38.89,41.60
https://ids.si.edu/ids/deliveryService?id=NMAH-AHB2006q05088.jpg,27.29,36.49
https://ids.si.edu/ids/deliveryService?id=NMAH-AHB2006q05106.jpg,24.80,27.34
https://ids.si.edu/ids/deliveryService?id=NMAH-AHB2006q05074.jpg,31.40,35.18
https://ids.si.edu/ids/deliveryService?id=NMAH-AHB2006q05094.jpg,25.71,30.09
https://ids.si.edu/ids/deliveryService?id=NMAH-AHB2006q05187.jpg,30.19,48.84
https://ids.si.edu/ids/deliveryService?id=NMAH-AHB2006q05244.jpg,21.67,32.93
https://ids.si.edu/ids/deliveryService?id=NMAH-AHB2006q05077.jpg,33.47,25.06
https://ids.si.edu/ids/deliveryService?id=NMAH-AHB2006q05161.jpg,24.26,34.87
https://ids.si.edu/ids/deliveryService?id=NMAH-AHB2006q05208.jpg,32.86,39.95
https://ids.si.edu/ids/deliveryService?id=NMAH-AHB2006q05097.jpg,24.68,36.97
https://ids.si.edu/ids/deliveryService?id=NMAH-AHB2006q05061.jpg,23.28,41.32
https://ids.si.edu/ids/deliveryService?id=NMAH-AHB2006q05170.jpg,62.73,37.93
https://ids.si.edu/ids/deliveryService?id=NMAH-AHB2006q05129.jpg,24.68,35.67
https://ids.si.edu/ids/deliveryService?id=NMAH-AHB2006q05184.jpg,26.58,39.52
https://ids.si.edu/ids/deliveryService?id=NMAH-AHB2006q05149.jpg,32.32,32.67
https://ids.si.edu/ids/deliveryService?id=NMAH-AHB2006q05055.jpg,28.45,35.90
https://ids.si.edu/ids/deliveryService?id=NMAH-AHB2006q05069.jpg,17.89,45.45
https://ids.si.edu/ids/deliveryService?id=NMAH-AHB2006q05214.jpg,30.32,39.94
https://ids.si.edu/ids/deliveryService?id=NMAH-AHB2006q05146.jpg,24.11,26.60
https://ids.si.edu/ids/deliveryService?id=NMAH-AHB2006q05143.jpg,25.51,33.61
https://ids.si.edu/ids/deliveryService?id=NMAH-AHB2006q05071.jpg,30.07,37.17
https://ids.si.edu/ids/deliveryService?id=NMAH-AHB2006q05181.jpg,25.75,37.42
https://ids.si.edu/ids/deliveryService?id=NMAH-AHB2006q05135.jpg,9.07,9.74
https://ids.si.edu/ids/deliveryService?id=NMAH-AHB2006q05058.jpg,29.94,29.68
https://ids.si.edu/ids/deliveryService?id=NMAH-AHB2006q05126.jpg,29.77,36.57
https://ids.si.edu/ids/deliveryService?id=NMAH-AHB2006q05120.jpg,30.56,37.61
https://ids.si.edu/ids/deliveryService?id=NMAH-AHB2006q05100.jpg,25.27,20.40
https://ids.si.edu/ids/deliveryService?id=NMAH-AHB2006q05085.jpg,19.24,38.47
https://ids.si.edu/ids/deliveryService?id=NMAH-AHB2006q05043.jpg,30.57,39.20
https://ids.si.edu/ids/deliveryService?id=NMAH-AHB2006q05063.jpg,23.29,33.32
https://ids.si.edu/ids/deliveryService?id=NMAH-AHB2006q05196.jpg,22.11,31.84
https://ids.si.edu/ids/deliveryService?id=NMAH-AHB2006q05272.jpg,34.22,36.71
https://ids.si.edu/ids/deliveryService?id=NMAH-AHB2006q05123.jpg,30.92,30.96
https://ids.si.edu/ids/deliveryService?id=NMAH-AHB2006q05190.jpg,23.58,31.79
https://ids.si.edu/ids/deliveryService?id=NMAH-AHB2006q05193.jpg,32.06,52.60
https://ids.si.edu/ids/deliveryService?id=NMAH-AHB2006q05091.jpg,24.18,38.65
https://ids.si.edu/ids/deliveryService?id=NMAH-AHB2006q05066.jpg,23.63,48.94
https://ids.si.edu/ids/deliveryService?id=NMAH-AHB2006q05040.jpg,28.74,47.39
https://ids.si.edu/ids/deliveryService?id=NMAH-AHB2006q05205.jpg,31.91,46.74
https://ids.si.edu/ids/deliveryService?id=NMAH-AHB2006q05217.jpg,27.35,47.88
https://ids.si.edu/ids/deliveryService?id=NMAH-AHB2006q05080.jpg,23.35,42.05
https://ids.si.edu/ids/deliveryService?id=NMAH-AHB2006q05109.jpg,27.25,56.86
https://ids.si.edu/ids/deliveryService?id=NMAH-AHB2006q05238.jpg,29.31,36.00
https://ids.si.edu/ids/deliveryService?id=NMAH-AHB2006q05269.jpg,24.96,33.10
https://ids.si.edu/ids/deliveryService?id=NMAH-AHB2006q05247.jpg,33.52,39.21
https://ids.si.edu/ids/deliveryService?id=NMAH-ET2016-02632.jpg,32.18,50.91
https://ids.si.edu/ids/deliveryService?id=NMAH-AHB2008q05091.jpg,17.65,40.15
https://ids.si.edu/ids/deliveryService?id=NMAAHC-2019_80_1_002.jpg,21.33,30.63
https://ids.si.edu/ids/deliveryService?id=NMAAHC-2007_3_427_001.jpg,34.55,54.72
https://ids.si.edu/ids/deliveryService?id=NMAAHC-2007_3_402_001.jpg,158.75,7.33
https://ids.si.edu/ids/deliveryService?id=NMAAHC-2007_3_537_001.jpg,89.38,10.37
https://ids.si.edu/ids/deliveryService?id=NMAAHC-2007_3_426_001.jpg,168.26,28.08
https://ids.si.edu/ids/deliveryService?id=NMAAHC-2007_3_404_001.jpg,133.33,11.46
https://ids.si.edu/ids/deliveryService?id=NMAAHC-2007_3_545_001.jpg,175.56,50.83
https://ids.si.edu/ids/deliveryService?id=NMAAHC-2007_3_562_001.jpg,123.02,31.03
https://ids.si.edu/ids/deliveryService?id=NMAAHC-2007_3_414_001.jpg,190.92,50.23
https://ids.si.edu/ids/deliveryService?id=NMAAHC-2007_3_408_001.jpg,48.58,27.60
https://ids.si.edu/ids/deliveryService?id=NMAAHC-2007_3_413_001.jpg,46.36,9.94
https://ids.si.edu/ids/deliveryService?id=NMAAHC-2007_3_439_001.jpg,64.06,31.98
https://ids.si.edu/ids/deliveryService?id=NMAAHC-2007_3_535_001.jpg,54.28,42.76
https://ids.si.edu/ids/deliveryService?id=NMAAHC-2007_3_415_001.jpg,31.19,27.28
https://ids.si.edu/ids/deliveryService?id=NMAAHC-2007_3_553_001.jpg,104.39,46.36
https://ids.si.edu/ids/deliveryService?id=NMAAHC-2007_3_489a_001.jpg,49.33,9.65
https://ids.si.edu/ids/deliveryService?id=NMAAHC-2007_3_410_001.jpg,137.00,3.43
https://ids.si.edu/ids/deliveryService?id=NMAAHC-2007_3_405_002.jpg,35.21,28.53
https://ids.si.edu/ids/deliveryService?id=ACM-acmobj-199100760103-r7.jpg,112.48,33.81
https://ids.si.edu/ids/deliveryService?id=NMAAHC-2007_3_474_001.jpg,33.33,21.65
https://ids.si.edu/ids/deliveryService?id=NMAAHC-322E08788B852_4001.jpg,301.33,2.95
https://ids.si.edu/ids/deliveryService?id=NMAAHC-2007_3_424_001.jpg,45.17,28.99
https://ids.si.edu/ids/deliveryService?id=NMAAHC-2007_3_538_001.jpg,94.85,10.29
https://ids.si.edu/ids/deliveryService?id=NMAAHC-2007_3_473_001.jpg,115.06,6.83
https://ids.si.edu/ids/deliveryService?id=NMAAHC-2007_3_475_001.jpg,353.58,46.83
https://ids.si.edu/ids/deliveryService?id=NMAAHC-2007_3_485_001.jpg,109.27,6.91
https://ids.si.edu/ids/deliveryService?id=NMAAHC-2007_3_543_001.jpg,238.25,48.81
https://ids.si.edu/ids/deliveryService?id=NMAAHC-2015_91_1_4002.jpg,280.56,30.24
https://ids.si.edu/ids/deliveryService?id=NMAAHC-2007_3_482_001.jpg,46.32,15.32
https://ids.si.edu/ids/deliveryService?id=NMAAHC-2007_3_420_001.jpg,238.77,33.05
https://ids.si.edu/ids/deliveryService?id=NMAAHC-2007_3_531_001.jpg,119.89,43.15
https://ids.si.edu/ids/deliveryService?id=NMAAHC-2012_64_4_3_001.jpg,53.37,25.89
https://ids.si.edu/ids/deliveryService?id=NMAAHC-B1AE8D8051432_4001.jpg,31.67,33.47
https://ids.si.edu/ids/deliveryService?id=NMAAHC-2007_3_407a_001.jpg,52.13,37.65
https://ids.si.edu/ids/deliveryService?id=NMAAHC-2007_3_481_001.jpg,252.94,31.11
https://ids.si.edu/ids/deliveryService?id=NMAAHC-2007_3_484_001.jpg,33.30,36.43
https://ids.si.edu/ids/deliveryService?id=NMAAHC-2017_92_2_001.jpg,267.31,69.32